{"Worker 4's Validation Loss":0.03421380743384361,"Server Validation Loss":0.0275917686522007,"Worker 8's Validation Accuracy":0.9880000352859497,"Worker 7's Test Accuracy":0.9809999465942383,"Worker 6's Test Loss":0.07509657740592957,"Worker 4's Test Loss":0.059689536690711975,"Worker 4's Validation Accuracy":0.9880000352859497,"Worker 2's Test Loss":0.08794640749692917,"Worker 1's Local Loss":0.027980051934719086,"Worker 4's Local Loss":0.019386034458875656,"Worker 6's Validation Loss":0.05258642137050629,"Worker 3's Test Loss":0.05598050355911255,"Worker 9's Validation Loss":0.05129428952932358,"Worker 3's Local Accuracy":0.994140625,"Worker 5's Local Accuracy":0.9932528734207153,"_step":5354,"Worker 1's Local Accuracy":0.9911221861839294,"Worker 2's Validation Accuracy":0.9890000224113464,"Worker 1's Validation Accuracy":0.9890000224113464,"Worker 8's Validation Loss":0.041467491537332535,"Worker 8's Test Accuracy":0.964199960231781,"Worker 10's Local Accuracy":0.9943181872367859,"Worker 7's Validation Loss":0.03942127525806427,"Worker 9's Local Loss":0.029923168942332268,"Worker 6's Validation Accuracy":0.9810000658035278,"Worker 5's Test Accuracy":0.9783999919891357,"Worker 10's Validation Loss":0.038406312465667725,"Worker 4's Local Accuracy":0.9944957494735718,"Worker 1's Validation Loss":0.03874557837843895,"Worker 6's Local Loss":0.025523805990815163,"Worker 1's Test Accuracy":0.9805999994277954,"Worker 5's Test Loss":0.06256717443466187,"Worker 10's Test Loss":0.06797769665718079,"Worker 4's Test Accuracy":0.9800999760627747,"Worker 3's Test Accuracy":0.9818999767303467,"_timestamp":1.739729041844047e+09,"Worker 9's Test Loss":0.07592978328466415,"Worker 7's Validation Accuracy":0.9860000610351562,"Worker 2's Test Accuracy":0.9702000021934509,"Worker 8's Test Loss":0.09759485721588135,"Worker 7's Test Loss":0.059601522982120514,"Worker 2's Validation Loss":0.04227343201637268,"Worker 10's Validation Accuracy":0.9880000352859497,"Worker 3's Local Loss":0.021316390484571457,"Worker 5's Local Loss":0.02628306671977043,"Worker 2's Local Accuracy":0.9891690611839294,"Worker 2's Local Loss":0.034356582909822464,"Server Test Accuracy":0.9828999638557434,"Server Run Time":4.958731,"Worker 10's Test Accuracy":0.9794999957084656,"Worker 3's Validation Accuracy":0.9850000739097595,"Worker 9's Local Accuracy":0.990234375,"Worker 8's Local Loss":0.0391201451420784,"Worker 8's Local Accuracy":0.9872159361839294,"Worker 5's Validation Loss":0.03346041217446327,"Worker 6's Test Accuracy":0.9774999618530273,"Server Test Loss":0.050084326416254044,"Worker 9's Validation Accuracy":0.987000048160553,"Worker 3's Validation Loss":0.03526915982365608,"Worker 1's Test Loss":0.06118249520659447,"Worker 10's Local Loss":0.022934362292289734,"_runtime":247.611909458,"Worker 7's Local Accuracy":0.9927201867103577,"Server Validation Accuracy":0.9920000433921814,"_wandb":{"runtime":247},"Worker 7's Local Loss":0.024910375475883484,"Worker 6's Local Accuracy":0.9927201867103577,"Worker 5's Validation Accuracy":0.9920000433921814,"Worker 9's Test Accuracy":0.976699948310852}