{"Server Run Time":5.013393,"Worker 3's Test Accuracy":0,"Server Test Loss":6.636889964544e+12,"Worker 5's Local Loss":1.6532008647918701,"Worker 8's Local Accuracy":0,"Worker 8's Test Loss":1.1359447240829468,"Worker 6's Validation Accuracy":0,"Worker 4's Validation Accuracy":0,"Worker 2's Test Accuracy":0,"_step":5249,"Worker 6's Validation Loss":1.248079538345337,"Worker 2's Local Loss":1.670801043510437,"Worker 7's Validation Accuracy":0,"Worker 8's Validation Accuracy":0,"Worker 9's Validation Accuracy":0,"Worker 4's Validation Loss":1.098494529724121,"Worker 1's Test Accuracy":0,"Worker 6's Test Accuracy":0,"Worker 8's Validation Loss":1.1980247497558594,"Worker 3's Local Accuracy":0,"_timestamp":1.7397328270516e+09,"Worker 2's Validation Accuracy":0,"Worker 5's Test Accuracy":0,"Worker 1's Local Accuracy":0,"Worker 2's Validation Loss":1.180951476097107,"Worker 1's Test Loss":1.1034198999404907,"Worker 3's Local Loss":1.7003859281539917,"Worker 2's Test Loss":1.1339393854141235,"Worker 1's Validation Accuracy":0,"Worker 10's Validation Accuracy":0,"Worker 9's Validation Loss":1.1328017711639404,"Worker 6's Test Loss":1.1947287321090698,"Worker 5's Local Accuracy":0,"Worker 9's Test Loss":1.080261468887329,"Worker 3's Validation Accuracy":0,"Worker 4's Local Loss":1.6117228269577026,"Server Validation Loss":6.693161271296e+12,"Worker 7's Validation Loss":1.1398564577102661,"Worker 6's Local Loss":1.7470496892929077,"Worker 5's Validation Accuracy":0,"Server Validation Accuracy":0,"Worker 2's Local Accuracy":0,"Worker 1's Local Loss":1.6565486192703247,"Worker 10's Local Loss":1.626306176185608,"Worker 1's Validation Loss":1.1642861366271973,"Worker 7's Local Loss":1.6618592739105225,"Worker 5's Test Loss":1.0925323963165283,"Worker 10's Local Accuracy":0,"Worker 4's Local Accuracy":0,"Worker 4's Test Loss":1.0461286306381226,"Worker 9's Test Accuracy":0,"Worker 10's Validation Loss":1.1298298835754395,"Worker 8's Local Loss":1.6962305307388306,"Worker 6's Local Accuracy":0,"Worker 7's Local Accuracy":0,"Worker 4's Test Accuracy":0,"_runtime":252.936915375,"Worker 10's Test Accuracy":0,"Worker 7's Test Accuracy":0,"Worker 10's Test Loss":1.0684343576431274,"Worker 3's Test Loss":1.1271255016326904,"Worker 3's Validation Loss":1.1737605333328247,"Worker 8's Test Accuracy":0,"_wandb":{"runtime":252},"Worker 9's Local Accuracy":0,"Worker 5's Validation Loss":1.1473995447158813,"Server Test Accuracy":0,"Worker 7's Test Loss":1.0880845785140991,"Worker 9's Local Loss":1.6522207260131836}