{"Worker 3's Validation Accuracy":0.9770000576972961,"Worker 10's Local Loss":0.051690809428691864,"Worker 8's Validation Loss":0.07976685464382172,"Worker 2's Test Accuracy":0.9569999575614929,"Worker 9's Test Accuracy":0.960099995136261,"Worker 7's Test Loss":0.09983014315366745,"Worker 3's Local Loss":0.055945347994565964,"Worker 2's Test Loss":0.12190189957618713,"Worker 10's Test Loss":0.08179858326911926,"Worker 1's Test Accuracy":0.9728999733924866,"Worker 5's Test Accuracy":0.9652999639511108,"Worker 4's Local Accuracy":0.9857954978942871,"Worker 9's Test Loss":0.11997885257005692,"Worker 1's Local Accuracy":0.984375,"Worker 10's Local Accuracy":0.985973060131073,"Worker 6's Local Loss":0.05446187034249306,"Worker 9's Validation Accuracy":0.9760000705718994,"Worker 7's Local Loss":0.05324716120958328,"Worker 10's Test Accuracy":0.9736999869346619,"Worker 4's Local Loss":0.0490664541721344,"Worker 7's Validation Accuracy":0.9770000576972961,"Worker 6's Test Accuracy":0.9669999480247498,"Server Run Time":5.091231,"Worker 9's Validation Loss":0.07398200780153275,"Server Attack Accuracy":0.35393258929252625,"Worker 8's Test Loss":0.11624935269355774,"Worker 4's Test Accuracy":0.9620999693870544,"Worker 3's Validation Loss":0.07398366183042526,"Server Test Accuracy":0.9686999917030334,"_runtime":253.06323725,"Worker 5's Validation Loss":0.07056210935115814,"_wandb":{"runtime":253},"Worker 1's Local Loss":0.05723976716399193,"Worker 8's Local Loss":0.06615506857633591,"Worker 1's Validation Accuracy":0.9700000286102295,"Server Validation Loss":0.05525455251336098,"Server Test Loss":0.08785738050937653,"Worker 4's Test Loss":0.10800593346357346,"Worker 3's Test Loss":0.10964306443929672,"Worker 6's Validation Loss":0.06413500756025314,"Worker 6's Test Loss":0.09251344203948975,"Worker 2's Validation Accuracy":0.9780000448226929,"Worker 7's Validation Loss":0.06349969655275345,"Worker 10's Validation Loss":0.06655057519674301,"Worker 2's Validation Loss":0.0681750550866127,"_step":5349,"Worker 3's Local Accuracy":0.9815341234207153,"Worker 8's Validation Accuracy":0.9780000448226929,"Worker 8's Test Accuracy":0.9594999551773071,"Worker 9's Local Loss":0.06637884676456451,"Worker 2's Local Accuracy":0.9833096861839294,"_timestamp":1.739740212333899e+09,"Worker 2's Local Loss":0.05769842490553856,"Worker 7's Test Accuracy":0.9652999639511108,"Worker 10's Validation Accuracy":0.9780000448226929,"Worker 4's Validation Accuracy":0.9810000658035278,"Worker 1's Test Loss":0.0849182978272438,"Worker 6's Local Accuracy":0.9834872484207153,"Server Validation Accuracy":0.9810000658035278,"Worker 1's Validation Loss":0.08068300038576126,"Worker 4's Validation Loss":0.06173286586999893,"Worker 5's Validation Accuracy":0.9790000319480896,"Worker 5's Local Loss":0.05716921016573906,"Worker 8's Local Accuracy":0.9815341234207153,"Worker 5's Test Loss":0.09969686716794968,"Server Attack Test Loss":1.5365471839904785,"Worker 6's Validation Accuracy":0.9790000319480896,"Worker 3's Test Accuracy":0.9609999656677246,"Worker 5's Local Accuracy":0.9847301244735718,"Worker 7's Local Accuracy":0.9841974973678589,"Worker 9's Local Accuracy":0.9788707494735718}