{"Worker 4's Local Accuracy":0.9928977489471436,"Server Test Accuracy 0":0,"Server Test Accuracy 7":0,"Server Validation Accuracy 9":0.9899999499320984,"Server Validation Loss 2":0.02665368653833866,"Server Test Accuracy 6":0.0006242655799724162,"Server Run Time":5.275605,"Server Validation Loss 6":0.0009900282602757215,"_timestamp":1.7397389515661252e+09,"Worker 4's Validation Accuracy":0.9880000352859497,"Worker 3's Validation Accuracy":0.9850000739097595,"Server Validation Accuracy 3":0.9799999594688416,"Worker 4's Validation Loss":0.04785570129752159,"Server Test Accuracy 9":0,"Server Test Lossf 6":2.104750871658325,"Worker 9's Validation Loss":0.05023343488574028,"Worker 6's Local Accuracy":0.9900568723678589,"Worker 7's Test Accuracy":0.9783999919891357,"Worker 8's Validation Loss":0.05272011086344719,"Worker 7's Validation Loss":0.042702075093984604,"Server Validation Accuracy 6":1,"Worker 1's Validation Loss":0.0538804717361927,"Worker 10's Validation Accuracy":0.987000048160553,"Worker 10's Local Accuracy":0.990234375,"Worker 6's Local Loss":0.03384632617235184,"Worker 9's Test Accuracy":0.9693999886512756,"Worker 1's Local Accuracy":0.9889914989471436,"Server Test Lossf 8":0,"Worker 4's Test Accuracy":0.976699948310852,"Server Test Accuracy 2":0,"_runtime":421.575866792,"Server Attack Test Loss":0.06060107424855232,"Worker 7's Test Loss":0.06749735027551651,"Worker 2's Local Accuracy":0.9905894994735718,"Server Test Lossf 7":0,"Worker 2's Local Loss":0.03760308027267456,"Server Test Accuracy 1":0,"Server Test Accuracy 8":0,"Server Validation Loss 7":0.008239916525781155,"Server Test Lossf 1":0,"Worker 3's Test Accuracy":0.9715999960899353,"Server Validation Accuracy 0":1,"Worker 10's Validation Loss":0.04657260328531265,"Server Test Accuracy":0.979699969291687,"Server Validation Loss":0.03795088455080986,"Worker 1's Local Loss":0.03954017907381058,"Worker 7's Validation Accuracy":0.9850000739097595,"Worker 5's Test Loss":0.080609031021595,"Worker 2's Test Accuracy":0.9635999798774719,"Worker 2's Test Loss":0.10033630579710007,"Worker 10's Test Loss":0.07387799024581909,"Server Validation Loss 5":0.09647629410028458,"Worker 2's Validation Accuracy":0.9810000658035278,"Worker 8's Local Accuracy":0.9847301244735718,"Worker 10's Local Loss":0.034449752420186996,"_step":7349,"Worker 9's Validation Accuracy":0.9860000610351562,"Worker 10's Test Accuracy":0.9754999876022339,"Worker 8's Local Loss":0.047883063554763794,"Worker 3's Test Loss":0.07935837656259537,"Worker 8's Validation Accuracy":0.9850000739097595,"Worker 6's Validation Loss":0.06218571588397026,"Worker 6's Test Loss":0.08630798757076263,"Server Validation Loss 0":0.009495628997683525,"Server Test Accuracy 4":0,"Worker 5's Test Accuracy":0.9722999930381775,"Server Test Lossf 2":0,"Worker 3's Validation Loss":0.048153795301914215,"Server Validation Loss 1":0.003986127208918333,"Worker 1's Test Loss":0.06580479443073273,"Server Test Lossf 5":0,"Server Validation Accuracy 8":0.9599999785423279,"Server Validation Accuracy 4":0.9899999499320984,"Worker 8's Test Loss":0.07751847803592682,"Server Validation Loss 3":0.028085628524422646,"Server Attack Accuracy":0.979699969291687,"Worker 6's Test Accuracy":0.9697999954223633,"Worker 5's Validation Accuracy":0.9820000529289246,"Worker 5's Local Loss":0.03736129403114319,"Worker 1's Test Accuracy":0.9790999889373779,"Server Test Loss":0.06060107424855232,"Server Validation Loss 9":0.02948038838803768,"Server Test Lossf 0":0,"Server Validation Loss 8":0.15662942826747894,"_wandb":{"runtime":421},"Worker 6's Validation Accuracy":0.9810000658035278,"Server Test Lossf 9":0,"Server Test Lossf 3":0,"Server Validation Accuracy":0.9880000352859497,"Worker 9's Local Loss":0.04339825361967087,"Server Validation Accuracy 7":1,"Worker 3's Local Accuracy":0.9897017478942871,"Server Test Accuracy 5":0,"Worker 9's Test Loss":0.09055761992931366,"Worker 9's Local Accuracy":0.9850852489471436,"Server Test Accuracy 3":0,"Worker 7's Local Accuracy":0.989879310131073,"Server Validation Loss 4":0.019471662119030952,"Worker 3's Local Loss":0.03291822224855423,"Worker 7's Local Loss":0.03594576567411423,"Worker 2's Validation Loss":0.05503145605325699,"Worker 8's Test Accuracy":0.9747999906539917,"Worker 4's Local Loss":0.02744259499013424,"Worker 5's Local Accuracy":0.9897017478942871,"Server Validation Accuracy 5":0.9699999690055847,"Worker 5's Validation Loss":0.06142720207571983,"Worker 1's Validation Accuracy":0.9810000658035278,"Server Test Lossf 4":0,"Worker 4's Test Loss":0.07400694489479065,"Server Validation Accuracy 1":1,"Server Validation Accuracy 2":0.9899999499320984}