{"Server Validation Loss":0.06125686317682266,"Worker 7's Local Loss":0.058340199291706085,"Worker 2's Local Loss":0.06533455103635788,"Worker 3's Test Accuracy":0.9635999798774719,"Server Test Accuracy":0.967199981212616,"Worker 9's Test Accuracy":0.9594999551773071,"Worker 2's Validation Accuracy":0.9770000576972961,"Worker 7's Local Accuracy":0.9825994372367859,"Worker 10's Validation Accuracy":0.9760000705718994,"Worker 7's Validation Accuracy":0.9770000576972961,"Worker 6's Test Accuracy":0.9661999940872192,"Worker 5's Test Loss":0.10460548847913742,"Worker 10's Test Loss":0.08660296350717545,"Worker 9's Local Accuracy":0.9788707494735718,"Worker 8's Local Loss":0.07305929064750671,"Worker 6's Local Loss":0.05829793959856033,"Worker 6's Validation Accuracy":0.9780000448226929,"Worker 7's Validation Loss":0.07120741903781891,"Worker 7's Test Accuracy":0.9613999724388123,"_timestamp":1.739740960852015e+09,"Worker 10's Local Loss":0.05177631229162216,"Worker 5's Validation Loss":0.075057253241539,"Worker 1's Validation Accuracy":0.9730000495910645,"Server Test Loss":0.09159286320209503,"Worker 5's Local Accuracy":0.9810014367103577,"Server Run Time":4.916797,"Worker 2's Validation Loss":0.07608931511640549,"Worker 3's Validation Loss":0.0761970803141594,"Worker 2's Local Accuracy":0.9810014367103577,"Server Attack Accuracy":0.3820224702358246,"Worker 5's Validation Accuracy":0.9790000319480896,"Worker 9's Local Loss":0.07000241428613663,"Worker 3's Test Loss":0.10092100501060486,"Worker 6's Test Loss":0.09635227173566818,"Worker 3's Validation Accuracy":0.9730000495910645,"Worker 4's Validation Loss":0.07017428427934647,"Worker 9's Validation Loss":0.07474071532487869,"Worker 7's Test Loss":0.10732101649045944,"Worker 2's Test Accuracy":0.9558999538421631,"Worker 1's Local Loss":0.060399360954761505,"Worker 5's Local Loss":0.06212276965379715,"Worker 1's Test Accuracy":0.9727999567985535,"Worker 5's Test Accuracy":0.9649999737739563,"Worker 4's Local Accuracy":0.9829545617103577,"Worker 4's Validation Accuracy":0.9790000319480896,"Worker 3's Local Accuracy":0.9810014367103577,"Worker 10's Test Accuracy":0.972000002861023,"Worker 1's Local Accuracy":0.9836648106575012,"Worker 4's Test Accuracy":0.9601999521255493,"Worker 8's Test Accuracy":0.9593999981880188,"Worker 4's Local Loss":0.057182442396879196,"Worker 8's Validation Loss":0.08461128920316696,"Server Attack Test Loss":1.4322335720062256,"Worker 4's Test Loss":0.11840251088142395,"Worker 8's Validation Accuracy":0.9770000576972961,"Worker 6's Local Accuracy":0.9813565611839294,"Server Validation Accuracy":0.9780000448226929,"Worker 9's Test Loss":0.12751947343349457,"_runtime":250.443104666,"Worker 8's Test Loss":0.1193966269493103,"Worker 10's Local Accuracy":0.985973060131073,"Worker 1's Test Loss":0.08075075596570969,"Worker 3's Local Loss":0.05965331569314003,"_step":5349,"Worker 9's Validation Accuracy":0.9760000705718994,"Worker 8's Local Accuracy":0.9786931872367859,"Worker 10's Validation Loss":0.07467596232891083,"_wandb":{"runtime":250},"Worker 1's Validation Loss":0.0791560560464859,"Worker 2's Test Loss":0.12742561101913452,"Worker 6's Validation Loss":0.06871642172336578}