{"Worker 8's Test Loss":0.06100786104798317,"Worker 7's Test Accuracy":0.9824999570846558,"Server Run Time":5.06741,"Worker 7's Local Accuracy":0.9932528734207153,"Worker 7's Validation Loss":0.033903080970048904,"Worker 8's Local Accuracy":0.9905894994735718,"Worker 8's Validation Accuracy":0.9910000562667847,"Worker 7's Local Loss":0.026053516194224358,"Server Test Accuracy":0.9838999509811401,"_runtime":257.373822875,"Worker 4's Local Loss":0.01890469901263714,"Worker 5's Validation Accuracy":0.9820000529289246,"Worker 6's Validation Accuracy":0.9850000739097595,"Worker 5's Validation Loss":0.050994470715522766,"_timestamp":1.739733388057649e+09,"Worker 9's Validation Accuracy":0.9880000352859497,"Worker 10's Test Accuracy":0.9772999882698059,"_step":5249,"Worker 1's Local Accuracy":0.9904119372367859,"Server Validation Accuracy":0.9930000305175781,"Worker 5's Local Accuracy":0.9930753111839294,"Worker 2's Local Accuracy":0.9912997484207153,"Worker 3's Validation Loss":0.03318781778216362,"Worker 9's Test Accuracy":0.97489994764328,"Worker 1's Validation Loss":0.04223562031984329,"Worker 1's Test Accuracy":0.981499969959259,"Worker 4's Test Loss":0.06032657250761986,"Worker 4's Test Accuracy":0.9809999465942383,"Worker 7's Test Loss":0.05713672935962677,"Worker 1's Test Loss":0.057547178119421005,"Worker 6's Validation Loss":0.05516130477190018,"Worker 10's Validation Accuracy":0.9900000691413879,"Worker 8's Test Accuracy":0.9805999994277954,"Worker 2's Test Loss":0.07736384868621826,"Worker 6's Local Accuracy":0.9939631223678589,"Worker 9's Local Accuracy":0.9895241856575012,"Worker 8's Validation Loss":0.04025740176439285,"Worker 7's Validation Accuracy":0.9890000224113464,"Worker 9's Test Loss":0.07616793364286423,"Worker 2's Local Loss":0.02807704173028469,"Worker 4's Validation Accuracy":0.9900000691413879,"Worker 6's Local Loss":0.02387530729174614,"Worker 3's Validation Accuracy":0.9900000691413879,"Worker 8's Local Loss":0.034455545246601105,"Worker 3's Test Loss":0.05747094750404358,"Worker 2's Test Accuracy":0.9729999899864197,"Worker 3's Test Accuracy":0.9803999662399292,"Worker 5's Test Accuracy":0.9768999814987183,"Server Validation Loss":0.029558200389146805,"Worker 10's Local Loss":0.02361641824245453,"Worker 9's Local Loss":0.032232556492090225,"Server Test Loss":0.05035240203142166,"Worker 5's Local Loss":0.02749391458928585,"Worker 4's Validation Loss":0.03549114987254143,"Worker 3's Local Accuracy":0.9936079978942871,"Worker 10's Local Accuracy":0.9936079978942871,"Worker 1's Validation Accuracy":0.987000048160553,"Worker 10's Test Loss":0.06731613725423813,"Worker 6's Test Loss":0.07592454552650452,"Worker 5's Test Loss":0.06998588144779205,"Worker 6's Test Accuracy":0.976099967956543,"Worker 2's Validation Accuracy":0.9850000739097595,"_wandb":{"runtime":257},"Worker 4's Local Accuracy":0.9950284361839294,"Worker 2's Validation Loss":0.043852295726537704,"Worker 1's Local Loss":0.032965485006570816,"Worker 10's Validation Loss":0.030637696385383606,"Worker 3's Local Loss":0.024174625054001808,"Worker 9's Validation Loss":0.0410841666162014}