{"Worker 4's Validation Accuracy":0.9810000658035278,"Worker 2's Test Accuracy":0.9573999643325806,"Worker 8's Local Accuracy":0.980113685131073,"Worker 6's Test Accuracy":0.967799961566925,"Worker 3's Test Accuracy":0.9607999920845032,"_step":5349,"Worker 1's Validation Loss":0.07965164631605148,"Worker 7's Local Accuracy":0.9845525622367859,"Worker 8's Local Loss":0.06715621054172516,"Server Attack Test Loss":1.4556398391723633,"Worker 2's Test Loss":0.12258557975292206,"Worker 3's Local Loss":0.055130526423454285,"Worker 1's Test Loss":0.08499733358621597,"Worker 4's Test Accuracy":0.9619999527931213,"Worker 3's Validation Loss":0.07374254614114761,"Worker 1's Validation Accuracy":0.971000075340271,"_wandb":{"runtime":250},"Worker 6's Validation Accuracy":0.9810000658035278,"Worker 3's Validation Accuracy":0.9750000238418579,"Worker 6's Local Loss":0.05418633669614792,"Worker 8's Validation Loss":0.07764430344104767,"Worker 4's Local Loss":0.04931572079658508,"Worker 7's Validation Loss":0.06494215875864029,"Worker 8's Test Accuracy":0.9612999558448792,"Server Run Time":4.859,"Server Test Loss":0.08702526986598969,"Worker 2's Local Loss":0.057834357023239136,"Worker 3's Test Loss":0.10726115107536316,"Worker 2's Local Accuracy":0.9833096861839294,"Worker 8's Test Loss":0.11239020526409149,"Worker 7's Local Loss":0.053950320929288864,"Worker 5's Validation Loss":0.07216310501098633,"Worker 1's Local Loss":0.05660805106163025,"Server Validation Accuracy":0.9810000658035278,"Worker 9's Local Loss":0.06788227707147598,"Worker 10's Test Loss":0.0815083384513855,"Worker 7's Test Accuracy":0.965499997138977,"Worker 5's Local Accuracy":0.9841974973678589,"Server Validation Loss":0.05574789643287659,"Worker 9's Validation Loss":0.07373163849115372,"_runtime":250.45168275,"Worker 3's Local Accuracy":0.9817116856575012,"Worker 7's Validation Accuracy":0.9750000238418579,"Worker 4's Validation Loss":0.06049090623855591,"Worker 10's Validation Loss":0.06621278822422028,"Worker 6's Local Accuracy":0.9838423728942871,"Worker 9's Test Accuracy":0.9598000049591064,"Worker 4's Local Accuracy":0.9850852489471436,"Worker 7's Test Loss":0.1004716083407402,"Worker 9's Local Accuracy":0.9783381223678589,"Server Attack Accuracy":0.3651685416698456,"Worker 1's Test Accuracy":0.972599983215332,"Worker 9's Test Loss":0.12037297338247299,"Worker 10's Test Accuracy":0.974399983882904,"Worker 5's Test Accuracy":0.9655999541282654,"Worker 5's Test Loss":0.09896530210971832,"Worker 5's Local Loss":0.05645868182182312,"Worker 9's Validation Accuracy":0.9760000705718994,"_timestamp":1.7397405380810869e+09,"Worker 10's Local Accuracy":0.985973060131073,"Worker 5's Validation Accuracy":0.9790000319480896,"Server Test Accuracy":0.9684000015258789,"Worker 10's Validation Accuracy":0.9770000576972961,"Worker 2's Validation Loss":0.06949838250875473,"Worker 10's Local Loss":0.05098332092165947,"Worker 4's Test Loss":0.108330138027668,"Worker 8's Validation Accuracy":0.9780000448226929,"Worker 1's Local Accuracy":0.9845525622367859,"Worker 2's Validation Accuracy":0.9770000576972961,"Worker 6's Test Loss":0.09094519168138504,"Worker 6's Validation Loss":0.06383544951677322}