{"Worker 6's Local Loss":0.03384632617235184,"Worker 6's Test Accuracy":0.9697999954223633,"_wandb":{"runtime":252},"Worker 6's Validation Accuracy":0.9810000658035278,"Worker 5's Local Loss":0.03736129403114319,"Worker 2's Local Accuracy":0.9905894994735718,"Worker 8's Test Accuracy":0.9747999906539917,"Worker 6's Test Loss":0.08630798757076263,"Worker 1's Test Accuracy":0.9790999889373779,"Worker 9's Local Loss":0.04339825361967087,"Worker 7's Local Accuracy":0.989879310131073,"Server Validation Loss":0.03795088455080986,"Worker 9's Test Loss":0.09055761992931366,"Worker 3's Test Loss":0.07935837656259537,"Worker 8's Test Loss":0.07751847803592682,"Worker 7's Validation Loss":0.042702075093984604,"Worker 9's Validation Accuracy":0.9860000610351562,"Server Attack Test Loss":0.06060107424855232,"Worker 1's Validation Accuracy":0.9810000658035278,"Worker 3's Validation Accuracy":0.9850000739097595,"Worker 5's Local Accuracy":0.9897017478942871,"Worker 2's Validation Loss":0.05503145605325699,"Worker 4's Test Accuracy":0.976699948310852,"Worker 6's Local Accuracy":0.9900568723678589,"Worker 7's Test Accuracy":0.9783999919891357,"Worker 4's Local Loss":0.02744259499013424,"Worker 4's Validation Accuracy":0.9880000352859497,"Server Run Time":5.002233,"Worker 5's Validation Loss":0.06142720207571983,"Worker 8's Local Loss":0.047883063554763794,"Worker 9's Test Accuracy":0.9693999886512756,"Worker 10's Validation Accuracy":0.987000048160553,"Worker 9's Local Accuracy":0.9850852489471436,"Worker 5's Test Loss":0.080609031021595,"Server Attack Accuracy":0.979699969291687,"Worker 4's Test Loss":0.07400694489479065,"Worker 7's Validation Accuracy":0.9850000739097595,"Worker 1's Local Accuracy":0.9889914989471436,"Worker 3's Test Accuracy":0.9715999960899353,"Worker 8's Validation Loss":0.05272011086344719,"_step":5349,"Worker 10's Validation Loss":0.04657260328531265,"Worker 2's Test Loss":0.10033630579710007,"Worker 5's Test Accuracy":0.9722999930381775,"Worker 3's Local Loss":0.03291822224855423,"Worker 4's Local Accuracy":0.9928977489471436,"Worker 3's Local Accuracy":0.9897017478942871,"Worker 7's Test Loss":0.06749735027551651,"_timestamp":1.73973947321089e+09,"_runtime":252.419380833,"Worker 10's Test Accuracy":0.9754999876022339,"Worker 8's Local Accuracy":0.9847301244735718,"Worker 1's Validation Loss":0.0538804717361927,"Worker 2's Validation Accuracy":0.9810000658035278,"Worker 1's Test Loss":0.06580479443073273,"Server Validation Accuracy":0.9880000352859497,"Worker 7's Local Loss":0.03594576567411423,"Server Test Accuracy":0.979699969291687,"Worker 6's Validation Loss":0.06218571588397026,"Worker 8's Validation Accuracy":0.9850000739097595,"Worker 2's Local Loss":0.03760308027267456,"Worker 9's Validation Loss":0.05023343488574028,"Worker 10's Local Accuracy":0.990234375,"Worker 3's Validation Loss":0.048153795301914215,"Worker 5's Validation Accuracy":0.9820000529289246,"Worker 10's Test Loss":0.07387799024581909,"Worker 2's Test Accuracy":0.9635999798774719,"Server Test Loss":0.06060107424855232,"Worker 10's Local Loss":0.034449752420186996,"Worker 4's Validation Loss":0.04785570129752159,"Worker 1's Local Loss":0.03954017907381058}